{
	"FileHeader": {
		"recordType": {
			"size": "2",
			"dataType": "string",
			"alignment": "left",
			"paddingChar": " "
		},
		"companyCode": {
			"size": "10",
			"dataType": "string",
			"alignment": "left",
			"paddingChar": " "
		},
		"headerDate": {
			"size": "8",
			"dataType": "integer",
			"alignment": "left",
			"paddingChar": " "
		},
		"sequenceNumber": {
			"size": "3",
			"dataType": "integer",
			"alignment": "left",
			"paddingChar": " "
		}
	},
	"BatchRecord": [
		{
			"Header": {
				"recordType": {
					"size": "2",
					"dataType": "string",
					"alignment": "left",
					"paddingChar": " "
				},
				"fileDescriptor": {
					"size": "7",
					"dataType": "string",
					"alignment": "left",
					"paddingChar": " "
				},
				"fileType": {
					"size": "1",
					"dataType": "string",
					"alignment": "left",
					"paddingChar": " "
				},
				"version": {
					"size": "3",
					"dataType": "integer",
					"alignment": "left",
					"paddingChar": " "
				},
				"productId": {
					"size": "3",
					"dataType": "string",
					"alignment": "left",
					"paddingChar": "0"
				},
				"batchIndicator": {
					"size": "1",
					"dataType": "string",
					"alignment": "left",
					"paddingChar": " "
				},
				"paymentGroup": {
					"size": "4",
					"dataType": "string",
					"alignment": "Left",
					"paddingChar": " "
				},
				"productCode": {
					"size": "2",
					"dataType": "Integer",
					"alignment": "left",
					"paddingChar": "0"
				},
				"merchantNumber": {
					"size": "15",
					"dataType": "Integer",
					"alignment": "left",
					"paddingChar": "0"
				},
				"terminalId": {
					"size": "8",
					"dataType": "Integer",
					"alignment": "left",
					"paddingChar": "0"
				},
				"hostNumber": {
					"size": "3",
					"dataType": "Integer",
					"alignment": "left",
					"paddingChar": "0"
				}
			},
			"Details": [
				{
					"recordType": {
						"size": "2",
						"dataType": "string",
						"alignment": "left",
						"paddingChar": " "
					},
					"userAccount": {
						"size": "20",
						"dataType": "string",
						"alignment": "left",
						"paddingChar": " "
					},
					"lengthofCardNumber": {
						"size": "2",
						"dataType": "integer",
						"alignment": "right",
						"paddingChar": "0"
					},
					"cardNumber": {
						"size": "16",
						"dataType": "integer",
						"alignment": "left",
						"paddingChar": " "
					},
					"expiryDate": {
						"size": "4",
						"dataType": "integer",
						"alignment": "right",
						"paddingChar": "0"
					},
					"transactionAmount": {
						"size": "10",
						"dataType": "integer",
						"alignment": "left",
						"paddingChar": "0"
					},
					"transactionCurrency": {
						"size": "3",
						"dataType": "String",
						"alignment": "left",
						"paddingChar": " "
					},
					"policyReference": {
						"size": "10",
						"dataType": "string",
						"alignment": "left",
						"paddingChar": " "
					},
					"billingdate": {
						"size": "10",
						"dataType": "string",
						"alignment": "right",
						"paddingChar": " "
					},
					"documentNo": {
						"size": "5",
						"dataType": "string",
						"alignment": "left",
						"paddingChar": " "
					},
					"responseCode": {
						"size": "4",
						"dataType": "string",
						"alignment": "right",
						"paddingChar": " "
					},
					"responseDescription": {
						"size": "25",
						"dataType": "string",
						"alignment": "left",
						"paddingChar": " "
					}
				}
			],
			"Summary": {
				"recordType": {
					"size": "2",
					"dataType": "string",
					"alignment": "left",
					"paddingChar": " "
				},
				"recordCount": {
					"size": "6",
					"dataType": "integer",
					"alignment": "right",
					"paddingChar": "0"
				},
				"totalAmount": {
					"size": "13",
					"dataType": "integer",
					"alignment": "right",
					"paddingChar": "0"
				}
			}
		}
	],
	"FileFooter": {
		"recordType": {
			"size": "2",
			"dataType": "string",
			"alignment": "left",
			"paddingChar": " "
		},
		"recordCount": {
			"size": "6",
			"dataType": "integer",
			"alignment": "right",
			"paddingChar": "0"
		},
		"totalAmount": {
			"size": "13",
			"dataType": "integer",
			"alignment": "right",
			"paddingChar": "0"
		}
	}
}