{
  "Header": {
    "hdrRecType": {
      "size": "2",
      "dataType": "integer",
      "alignment": "left",
      "paddingChar": " "
    },
    "hdrBatchNo": {
      "size": "8",
      "dataType": "integer",
      "alignment": "left",
      "paddingChar": " "
    },
    "hdrOrgCode": {
      "size": "4",
      "dataType": "integer",
      "alignment": "left",
      "paddingChar": " "
    },
    "hdrOrgName": {
      "size": "40",
      "dataType": "string",
      "alignment": "left",
      "paddingChar": " "
    },
    "hdrBillDate": {
      "size": "8",
      "dataType": "integer",
      "alignment": "left",
      "paddingChar": " "
    },
    "hdrSecurityCode": {
      "size": "10",
      "dataType": "string",
      "alignment": "left",
      "paddingChar": " ",
	  "value":"2002166280"
    },
    "hdrFiller": {
      "size": "128",
      "dataType": "integer",
      "alignment": "left",
      "paddingChar": " "
    }
  },  
  "Details": [
    {
      "dtlRecType": {
        "size": "2",
        "dataType": "integer",
        "alignment": "left",
        "paddingChar": " ",
		"value":""
      },
      "dtlBatchNo": {
        "size": "8",
        "dataType": "integer",
        "alignment": "left",
        "paddingChar": " ",
		"value":""
      },
      "dtlRefNo": {
        "size": "30",
        "dataType": "string",
        "alignment": "left",
        "paddingChar": " ",
		"value":""
      },
      "dtlCustId": {
        "size": "16",
        "dataType": "string",
        "alignment": "left",
        "paddingChar": " ",
		"value":""
      },
      "dtlCustName": {
        "size": "40",
        "dataType": "string",
        "alignment": "left",
        "paddingChar": " ",
		"value":""
      }, 
      "dtlCustAcct": {
        "size": "14",
        "dataType": "integer",
        "alignment": "left",
        "paddingChar": " ",
		"value":""
      },
      "dtlDebitAmt": {
        "size": "13",
        "dataType": "integer",
        "alignment": "left",
        "paddingChar": " ",
		"value":""
      },
      "dtlFiller1": {
        "size": "11",
        "dataType": "string",
        "alignment": "left",
        "paddingChar": " ",
        "value": ""
      },
       "dtlFiller2": {
        "size": "2",
        "dataType": "string",
        "alignment": "left",
        "paddingChar": " ",
		"value":""
      },
      "dtlReferenceNumber2": {
        "size": "30",
        "dataType": "string",
        "alignment": "left",
        "paddingChar": " ",
		"value":""
      },
       "dtlFiller3": {
        "size": "34",
        "dataType": "string",
        "alignment": "left",
        "paddingChar": " ",
		"value":""
      },
      "dtlBankRefNum": {
        "size": "11",
        "dataType": "string",
        "alignment": "left",
        "paddingChar": " ",
		"value":""
      },
      "dtlDebitStatusCode": {
        "size": "02",
        "dataType": "string",
        "alignment": "left",
        "paddingChar": " ",
		"value":""
      },
       "dtlDebitStsDesc": {
        "size": "34",
        "dataType": "string",
        "alignment": "left",
        "paddingChar": " ",
		"value":""
      }
    }
  ],  
  "Summary": {
    "ctrRecType": {
      "size": "2",
      "dataType": "integer",
      "alignment": "left",
      "paddingChar": " "
    },
    "ctrBatchNo": {
      "size": "8",
      "dataType": "integer",
      "alignment": "left",
      "paddingChar": " "
    },
    "ctrBtCount": {
      "size": "6",
      "dataType": "integer",
      "alignment": "right",
      "paddingChar": "0"
    },
    "ctrBtAmt": {
      "size": "15",
      "dataType": "integer",
      "alignment": "right",
      "paddingChar": "0"
    },
    "ctrDebitAcceptedCnt": {
      "size": "6",
      "dataType": "integer",
      "alignment": "right",
      "paddingChar": "0"
    },
    "ctrDebitAcceptedAmt": {
      "size": "15",
      "dataType": "integer",
      "alignment": "right",
      "paddingChar": "0"
    },
    "ctrDebitRejectedCnt": {
      "size": "6",
      "dataType": "integer",
      "alignment": "right",
      "paddingChar": "0"
    },
    "ctrDebitRejectedAmt": {
      "size": "15",
      "dataType": "integer",
      "alignment": "right",
      "paddingChar": "0"
    },
    "ctrBtHash": {
      "size": "15",
      "dataType": "integer",
      "alignment": "right",
      "paddingChar": "0"
    },
    "ctrFiller": {
      "size": "112",
      "dataType": "string",
      "alignment": "left",
      "paddingChar": " "
    }
  }
}