{
  "Header": {
    "recordType": {
      "size": "1",
      "dataType": "integer",
      "alignment": "left",
      "paddingChar": " ",
	  "value":"1"
    },
    "labelId": {
      "size": "3",
      "dataType": "string",
      "alignment": "left",
      "paddingChar": " ",
	  "value":"HDR"
    },
    "headerXNDate": {
      "size": "8",
      "dataType": "integer",
      "alignment": "left",
      "paddingChar": " "
    },
    "totalPolicies": {
      "size": "6",
      "dataType": "integer",
      "alignment": "right",
      "paddingChar": "0"
    },
    "processingBank": {
      "size": "8",
      "dataType": "string",
      "alignment": "left",
      "paddingChar": " ",
	  "value":"OCBCBANK"
    },
    "procService": {
      "size": "8",
      "dataType": "string",
      "alignment": "left",
      "paddingChar": " ",
	  "value":"LOCKBOX"
    },
    "extractionTime": {
      "size": "4",
      "dataType": "integer",
      "alignment": "left",
      "paddingChar": " "
    },
	"bankAccount": {
        "size": "10",
        "dataType": "integer",
        "alignment": "right",
        "paddingChar": "0"
    },
	 "filler": {
      "size": "52",
      "dataType": "string",
      "alignment": "left",
      "paddingChar": " "
    }
  },  
  "Details": [
    {
      "recordType": {
        "size": "1",
        "dataType": "integer",
        "alignment": "left",
        "paddingChar": " ",
		"value":"2"
      },
      "transactionDate": {
        "size": "8",
        "dataType": "integer",
        "alignment": "left",
        "paddingChar": " "
      },
      "transSerialNo": {
        "size": "6",
        "dataType": "integer",
        "alignment": "right",
        "paddingChar": "0"
      },
      "billType": {
        "size": "2",
        "dataType": "string",
        "alignment": "left",
        "paddingChar": " "
      },
      "filler": {
        "size": "8",
        "dataType": "string",
        "alignment": "left",
        "paddingChar": " "
      }, 
      "geCode": {
        "size": "4",
        "dataType": "string",
        "alignment": "left",
        "paddingChar": " ",
		"value":"K357"
      },
      "paidAmt": {
        "size": "7",
        "dataType": "integer",
        "alignment": "right",
        "paddingChar": "0"
      },
      "chequeNo": {
        "size": "10",
        "dataType": "string",
        "alignment": "right",
        "paddingChar": "0",
        "value": ""
      },
       "formOfColl": {
        "size": "2",
        "dataType": "string",
        "alignment": "left",
        "paddingChar": " "
      },
      "chequeCode": {
        "size": "1",
        "dataType": "string",
        "alignment": "left",
        "paddingChar": " "
      },
       "bankCode": {
        "size": "4",
        "dataType": "string",
        "alignment": "left",
        "paddingChar": " "
      },
      "tellerBranch": {
        "size": "3",
        "dataType": "integer",
        "alignment": "left",
        "paddingChar": " "
      },
      "tellerCode": {
        "size": "4",
        "dataType": "integer",
        "alignment": "left",
        "paddingChar": " "
      },
       "transCode": {
        "size": "2",
        "dataType": "string",
        "alignment": "right",
        "paddingChar": "0"
      },
	   "date": {
        "size": "8",
        "dataType": "integer",
        "alignment": "left",
        "paddingChar": " "
      },
	   "bankAccount": {
        "size": "10",
        "dataType": "integer",
        "alignment": "right",
        "paddingChar": "0"
      },
	   "depositDate": {
        "size": "8",
        "dataType": "integer",
        "alignment": "left",
        "paddingChar": " "
      },
	   "policyNo": {
        "size": "10",
        "dataType": "integer",
        "alignment": "right",
        "paddingChar": "0"
      },
	   "filler2": {
        "size": "2",
        "dataType": "string",
        "alignment": "left",
        "paddingChar": " "
      }
    }
  ],  
  "Summary": {
    "recordType": {
      "size": "1",
      "dataType": "integer",
      "alignment": "left",
      "paddingChar": " ",
	  "value":"3"
    },
    "labelId": {
      "size": "3",
      "dataType": "string",
      "alignment": "left",
      "paddingChar": " ",
	  "value":"TRL"
    },
    "totTransactions": {
      "size": "6",
      "dataType": "integer",
      "alignment": "right",
      "paddingChar": "0"
    },
    "totalAmtPaid": {
      "size": "12",
      "dataType": "integer",
      "alignment": "right",
      "paddingChar": "0"
    },
    "totLoan": {
      "size": "6",
      "dataType": "integer",
      "alignment": "right",
      "paddingChar": "0"
    },
    "totalLoanAmt": {
      "size": "12",
      "dataType": "integer",
      "alignment": "right",
      "paddingChar": "0"
    },
    "totPrem": {
      "size": "6",
      "dataType": "integer",
      "alignment": "right",
      "paddingChar": "0"
    },
    "totalPremAmt": {
      "size": "12",
      "dataType": "integer",
      "alignment": "right",
      "paddingChar": "0"
    },
    "totBans": {
      "size": "6",
      "dataType": "integer",
      "alignment": "right",
      "paddingChar": "0"
    },
	"totBansAmt": {
      "size": "12",
      "dataType": "integer",
      "alignment": "right",
      "paddingChar": "0"
    },
    "filler": {
      "size": "24",
      "dataType": "string",
      "alignment": "left",
      "paddingChar": " "
    }
  }
}