{
  "Header": {
    "recordType": {
      "size": "1",
      "dataType": "string",
      "alignment": "left",
      "paddingChar": " "
    },
    "corporationCode": {
      "size": "3",
      "dataType": "string",
      "alignment": "left",
      "paddingChar": " "
    },
    "transactionDate": {
      "size": "8",
      "dataType": "integer",
      "alignment": "left",
      "paddingChar": " "
    },
    "corporationName": {
      "size": "60",
      "dataType": "string",
      "alignment": "left",
      "paddingChar": " "
    },
    "totalNumberOfRecords": {
      "size": "6",
      "dataType": "integer",
      "alignment": "right",
      "paddingChar": "0"
    },
    "procService": {
      "size": "8",
      "dataType": "string",
      "alignment": "right",
      "paddingChar": " "
    },
    "gelApplication": {
      "size": "10",
      "dataType": "string",
      "alignment": "right",
      "paddingChar": " "
    },
    "filler": {
      "size": "20",
      "dataType": "string",
      "alignment": "left",
      "paddingChar": " "
    }
  },
  "Details": [
  {
      "recordType": {
        "size": "1",
        "dataType": "integer",
        "alignment": "left",
        "paddingChar": " "
      },
      "transactionDate": {
        "size": "8",
        "dataType": "integer",
        "alignment": "left",
        "paddingChar": " "
      },
      "transactionReferenceNumber": {
        "size": "8",
        "dataType": "integer",
        "alignment": "right",
        "paddingChar": "0"
      },
      "billType": {
        "size": "2",
        "dataType": "integer",
        "alignment": "left",
        "paddingChar": " "
      },
      "policyNumber": {
        "size": "10",
        "dataType": "string",
        "alignment": "right",
        "paddingChar": "0"
      },
      "paidAmount": {
        "size": "9",
        "dataType": "integer",
        "alignment": "right",
        "paddingChar": "0"
      },
      "payerName": {
        "size": "50",
        "dataType": "string",
        "alignment": "left",
        "paddingChar": " "
      },
      "contactNumber": {
        "size": "20",
        "dataType": "string",
        "alignment": "right",
        "paddingChar": " "
      },
      "filler": {
        "size": "8",
        "dataType": "string",
        "alignment": "left",
        "paddingChar": " "
      }
    }
  ],
  "Summary": {
    "recordType": {
      "size": "1",
      "dataType": "integer",
      "alignment": "left",
      "paddingChar": " "
    },
    "labelID": {
      "size": "3",
      "dataType": "strin",
      "alignment": "left",
      "paddingChar": " "
    },
    "totalNumberofRecord": {
      "size": "6",
      "dataType": "integer",
      "alignment": "right",
      "paddingChar": "0"
    },
    "hashTotal": {
      "size": "20",
      "dataType": "integer",
      "alignment": "right",
      "paddingChar": "0"
    },
    "totalPaidAmount": {
      "size": "10",
      "dataType": "integer",
      "alignment": "right",
      "paddingChar": "0"
    },
    "trlProcService": {
      "size": "8",
      "dataType": "string",
      "alignment": "right",
      "paddingChar": " "
    },
    "filler": {
      "size": "68",
      "dataType": "string",
      "alignment": "left",
      "paddingChar": " "
    }
  }
}