{
  "Header": {
    "recordType": {
      "size": "1",
      "dataType": "integer",
      "alignment": "left",
      "paddingChar": " "
    },
    "messageType": {
      "size": "2",
      "dataType": "string",
      "alignment": "left",
      "paddingChar": " "
    },
    "submissionDate": {
      "size": "8",
      "dataType": "integer",
      "alignment": "left",
      "paddingChar": " "
    },
    "batchNumber": {
      "size": "3",
      "dataType": "integer",
      "alignment": "left",
      "paddingChar": " "
    },
    "valueDate": {
      "size": "8",
      "dataType": "integer",
      "alignment": "left",
      "paddingChar": " "
    },
    "originatingBankBICCode": {
      "size": "35",
      "dataType": "string",
      "alignment": "left",
      "paddingChar": " "
    },
    "originatingAccountNumber": {
      "size": "34",
      "dataType": "integer",
      "alignment": "left",
      "paddingChar": " "
    },
    "originatingAccountCurrency": {
      "size": "4",
      "dataType": "string",
      "alignment": "left",
      "paddingChar": " "
    },
    "originatingAccountName": {
      "size": "140",
      "dataType": "string",
      "alignment": "left",
      "paddingChar": " "
    },
    "customerInstructionReference": {
      "size": "19",
      "dataType": "string",
      "required": "optional",
      "alignment": "left",
      "paddingChar": " "
    },
    "productCode": {
      "size": "4",
      "dataType": "string",
      "alignment": "left",
      "paddingChar": " "
    },
    "filler1": {
      "size": "1",
      "dataType": "string",
      "required": "optional",
      "alignment": "left",
      "paddingChar": " "
    },
    "changeBearer": {
      "size": "4",
      "dataType": "string",
      "alignment": "left",
      "paddingChar": " "
    },
    "sendersID": {
      "size": "35",
      "dataType": "string",
      "alignment": "left",
      "paddingChar": " "
    },
    "filler2": {
      "size": "702",
      "dataType": "string",
      "alignment": "left",
      "paddingChar": " ",
      "required": "optional"
    }
  },
  "Details": [
    {
      "recordType": {
        "size": "1",
        "dataType": "integer",
        "alignment": "left",
        "paddingChar": " "
      },
      "receivingBankBICCode": {
        "size": "35",
        "dataType": "string",
        "alignment": "left",
        "paddingChar": " "
      },
      "receivingAccountNumber": {
        "size": "34",
        "dataType": "string",
        "alignment": "left",
        "paddingChar": " "
      },
      "receivingAccountCurrency": {
        "size": "4",
        "dataType": "string",
        "alignment": "left",
        "paddingChar": " "
      },
      "receivingAccountName": {
        "size": "140",
        "dataType": "string",
        "alignment": "left",
        "paddingChar": " "
      },
      "settlementCurrency": {
        "size": "4",
        "dataType": "string",
        "alignment": "left",
        "paddingChar": " "
      },
      "settlementAmountinCents": {
        "size": "15",
        "dataType": "integer",
        "alignment": "right",
        "paddingChar": "0"
      },
      "mandateReferenceNumber": {
        "size": "35",
        "dataType": "string",
        "alignment": "right",
        "paddingChar": "0"
      },
      "purposeCode": {
        "size": "4",
        "dataType": "string",
        "alignment": "left",
        "paddingChar": " "
      },
      "endtoEndID": {
        "size": "35",
        "dataType": "string",
        "alignment": "left",
        "paddingChar": " "
      },
      "paymentDetails": {
        "size": "140",
        "dataType": "string",
        "alignment": "left",
        "paddingChar": " "
      },
      "debtorName": {
        "size": "140",
        "dataType": "string",
        "alignment": "left",
        "paddingChar": " "
      },
      "creditorName": {
        "size": "140",
        "dataType": "string",
        "alignment": "left",
        "paddingChar": " "
      },
      "returnCode": {
        "size": "35",
        "dataType": "string",
        "alignment": "left",
        "paddingChar": " "
      },
      "returnDescription": {
        "size": "105",
        "dataType": "string",
        "alignment": "left",
        "paddingChar": " "
      },
      "raCustomerReference": {
        "size": "35",
        "dataType": "string",
        "alignment": "left",
        "paddingChar": " "
      },
      "filler1": {
        "size": "98",
        "dataType": "string",
        "alignment": "left",
        "paddingChar": " "
      }
    }
  ],
  "Summary": {
    "recordType": {
      "size": "1",
      "dataType": "integer",
      "alignment": "left",
      "paddingChar": " "
    },
    "totalAcceptedCount": {
      "size": "15",
      "dataType": "integer",
      "alignment": "right",
      "paddingChar": "0"
    },
    "totalAcceptedAmountinCents": {
      "size": "18",
      "dataType": "integer",
      "alignment": "right",
      "paddingChar": "0"
    },
    "totalRejectedCount": {
      "size": "15",
      "dataType": "integer",
      "alignment": "right",
      "paddingChar": "0"
    },
    "totalRejectedAmountinCents": {
      "size": "18",
      "dataType": "integer",
      "alignment": "right",
      "paddingChar": "0"
    },
    "totalTransactionCount": {
      "size": "15",
      "dataType": "integer",
      "alignment": "right",
      "paddingChar": "0"
    },
    "totalTransactionAmount": {
      "size": "18",
      "dataType": "integer",
      "alignment": "right",
      "paddingChar": "0"
    },
    "hashNumber": {
      "size": "13",
      "dataType": "integer",
      "alignment": "right",
      "paddingChar": "0"
    },
    "filler1": {
      "size": "887",
      "dataType": "string",
      "alignment": "left",
      "paddingChar": " "
    }
  }
}